{"stats":{"minecraft:picked_up":{"minecraft:spruce_log":4},"minecraft:mined":{"minecraft:spruce_log":4,"minecraft:spruce_leaves":2},"minecraft:custom":{"minecraft:jump":3,"minecraft:time_since_rest":3037,"minecraft:leave_game":1,"minecraft:crouch_one_cm":620,"minecraft:sprint_one_cm":394,"minecraft:play_time":3037,"minecraft:damage_taken":10,"minecraft:time_since_death":3037,"minecraft:walk_one_cm":240,"minecraft:sneak_time":292,"minecraft:total_world_time":3037,"minecraft:fall_one_cm":335,"minecraft:fly_one_cm":13732}},"DataVersion":3700}