{"stats":{"minecraft:custom":{"minecraft:jump":18,"minecraft:time_since_rest":2165,"minecraft:sprint_one_cm":833,"minecraft:play_time":2165,"minecraft:time_since_death":2165,"minecraft:walk_one_cm":1838,"minecraft:total_world_time":2165,"minecraft:fall_one_cm":267,"minecraft:fly_one_cm":2184},"minecraft:mined":{"minecraft:grass_block":2,"minecraft:oak_log":1,"minecraft:dirt":2},"minecraft:picked_up":{"minecraft:oak_log":1,"minecraft:dirt":4},"minecraft:used":{"minecraft:oak_log":1,"minecraft:dirt":4}},"DataVersion":3700}