{"stats":{"minecraft:mined":{"minecraft:grass_block":2,"minecraft:oak_log":1,"minecraft:sand":3,"minecraft:dirt":2},"minecraft:used":{"minecraft:oak_log":1,"minecraft:dirt":4,"minecraft:sand":3},"minecraft:custom":{"minecraft:jump":21,"minecraft:time_since_rest":3179,"minecraft:leave_game":1,"minecraft:play_time":3179,"minecraft:sprint_one_cm":1228,"minecraft:time_since_death":3179,"minecraft:walk_one_cm":2075,"minecraft:total_world_time":3179,"minecraft:fall_one_cm":267,"minecraft:fly_one_cm":2239},"minecraft:picked_up":{"minecraft:sand":3,"minecraft:oak_log":1,"minecraft:dirt":4}},"DataVersion":3700}